,unique_neuron,pull_encoding,gaze_encoding,juice_encoding,partner_PC1_encoding,recorded_animal
20,20240509_300,None,None,Reactive,Both,kanga
21,20240509_302,Reactive,Reactive,Both,Reactive,kanga
22,20240509_304,None,Reactive,Reactive,Both,kanga
23,20240509_314,Reactive,None,None,Reactive,kanga
24,20240509_324,None,None,None,Reactive,kanga
25,20240509_327,None,None,None,Reactive,kanga
26,20240509_334,None,None,None,Reactive,kanga
27,20240509_336,None,None,None,None,kanga
28,20240509_341,None,None,None,None,kanga
29,20240509_343,None,None,None,None,kanga
30,20240509_349,None,None,None,Reactive,kanga
31,20240509_350,None,None,None,None,kanga
32,20240509_352,None,None,None,None,kanga
33,20240509_354,None,None,None,None,kanga
34,20240513_56,None,None,None,None,kanga
35,20240513_95,None,None,None,None,kanga
36,20240513_141,None,None,None,Both,kanga
37,20240513_142,None,None,None,Both,kanga
38,20240513_251,None,None,None,None,kanga
39,20240513_262,None,None,None,Both,kanga
40,20240513_285,None,None,None,Both,kanga
41,20240513_328,None,None,None,Both,kanga
42,20240513_340,None,None,None,Both,kanga
43,20240513_342,None,None,None,Both,kanga
44,20240513_344,Reactive,Predictive,None,Both,kanga
45,20240513_346,None,None,None,None,kanga
46,20240513_348,None,None,None,None,kanga
47,20240513_350,None,None,None,Reactive,kanga
48,20240513_352,Predictive,None,Predictive,Reactive,kanga
49,20240513_354,None,None,None,None,kanga
50,20240513_356,None,None,None,Reactive,kanga
67,20240523_375,Reactive,Reactive,Reactive,None,kanga
68,20240523_377,Reactive,Reactive,Reactive,None,kanga
69,20240523_379,Reactive,None,Reactive,None,kanga
70,20240523_381,Reactive,Reactive,Reactive,None,kanga
71,20240523_387,Reactive,None,Reactive,None,kanga
72,20240523_390,Reactive,None,None,None,kanga
73,20240523_392,Reactive,None,Reactive,None,kanga
74,20240523_394,Reactive,Reactive,Reactive,Reactive,kanga
75,20240523_396,Reactive,None,Reactive,None,kanga
76,20240523_398,Reactive,None,Reactive,None,kanga
77,20240523_400,None,None,Reactive,None,kanga
78,20240523_402,Reactive,Reactive,Both,Predictive,kanga
79,20240523_404,None,None,None,None,kanga
80,20240523_410,None,None,None,None,kanga
101,20240606_138,Predictive,None,None,Both,kanga
102,20240606_226,None,None,None,None,kanga
103,20240606_292,None,None,None,Reactive,kanga
104,20240606_306,Predictive,Both,None,Both,kanga
105,20240606_307,Predictive,Predictive,None,Both,kanga
106,20240606_309,None,None,Predictive,Both,kanga
107,20240606_311,Predictive,Predictive,None,Both,kanga
108,20240606_313,None,None,None,Reactive,kanga
109,20240606_315,None,Predictive,None,Predictive,kanga
110,20240606_319,None,None,Predictive,Both,kanga
111,20240606_321,None,None,None,Both,kanga
112,20240606_323,None,None,None,Reactive,kanga
113,20240606_325,None,None,Predictive,Both,kanga
114,20240606_327,Reactive,None,None,Both,kanga
115,20240606_329,None,None,None,Reactive,kanga
116,20240606_331,None,None,None,Reactive,kanga
117,20240606_333,None,None,None,Reactive,kanga
118,20240606_335,None,None,None,Reactive,kanga
119,20240606_337,None,None,None,None,kanga
120,20240606_339,None,None,None,Reactive,kanga
121,20240606_341,None,None,None,Reactive,kanga
122,20240606_343,None,None,None,Reactive,kanga
123,20240606_345,None,None,None,Reactive,kanga
124,20240606_347,None,None,None,Reactive,kanga
125,20240606_349,None,None,None,Reactive,kanga
126,20240606_351,None,None,None,None,kanga
353,20240808_8,None,None,None,None,kanga
354,20240808_48,None,None,None,Reactive,kanga
355,20240808_54,None,None,None,Both,kanga
356,20240808_58,None,None,Reactive,Both,kanga
357,20240808_64,None,Reactive,None,Both,kanga
358,20240808_109,None,None,Reactive,Both,kanga
359,20240808_129,None,None,None,Reactive,kanga
360,20240808_137,None,None,None,Reactive,kanga
361,20240808_155,None,None,None,Reactive,kanga
362,20240808_166,None,None,None,None,kanga
363,20240808_173,None,None,None,Both,kanga
364,20240808_207,None,None,None,None,kanga
365,20240808_219,None,None,None,Reactive,kanga
366,20240808_223,Predictive,Predictive,None,Both,kanga
367,20240808_225,None,None,None,None,kanga
368,20240808_250,None,None,None,Reactive,kanga
369,20240808_255,None,Reactive,Reactive,Both,kanga
370,20240808_263,None,None,None,Both,kanga
371,20240808_264,None,None,None,Reactive,kanga
372,20240808_290,Reactive,None,Predictive,Both,kanga
373,20240808_295,None,None,None,Reactive,kanga
374,20240808_303,None,None,None,Both,kanga
375,20240808_304,None,None,None,Reactive,kanga
376,20240808_306,None,None,None,None,kanga
377,20240809_8,Reactive,None,Reactive,None,kanga
378,20240809_49,None,None,None,None,kanga
379,20240809_71,Reactive,Reactive,Reactive,None,kanga
380,20240809_77,Reactive,Reactive,Reactive,None,kanga
381,20240809_140,None,None,None,None,kanga
382,20240809_160,Reactive,None,None,None,kanga
383,20240809_171,Reactive,Reactive,Both,None,kanga
384,20240809_192,Reactive,None,Reactive,None,kanga
385,20240809_201,Reactive,None,Reactive,None,kanga
386,20240809_245,None,None,Reactive,None,kanga
387,20240809_259,None,None,None,None,kanga
388,20240809_274,Reactive,None,Reactive,None,kanga
389,20240809_285,Reactive,None,None,None,kanga
390,20240809_286,None,None,None,None,kanga
391,20240809_297,None,None,Reactive,None,kanga
392,20240809_318,None,None,Reactive,None,kanga
393,20240809_321,Reactive,Reactive,Both,Both,kanga
394,20240809_359,Reactive,None,None,None,kanga
395,20240809_382,Reactive,None,None,None,kanga
396,20240809_386,Reactive,None,Reactive,None,kanga
397,20240809_393,Reactive,None,Reactive,None,kanga
398,20240809_395,Reactive,Reactive,Reactive,None,kanga
399,20240809_397,Reactive,None,Reactive,None,kanga
400,20240809_399,None,Reactive,Reactive,None,kanga
401,20240812_1,None,None,None,Predictive,kanga
402,20240812_56,None,None,None,Reactive,kanga
403,20240812_57,Reactive,Predictive,None,Both,kanga
404,20240812_61,None,Predictive,Predictive,Both,kanga
405,20240812_101,None,None,None,Reactive,kanga
406,20240812_110,None,None,Predictive,Reactive,kanga
407,20240812_124,Reactive,Predictive,Predictive,Reactive,kanga
408,20240812_131,None,Reactive,None,Reactive,kanga
409,20240812_132,None,None,None,Reactive,kanga
410,20240812_147,None,None,None,Reactive,kanga
411,20240812_160,None,None,None,None,kanga
412,20240812_165,None,None,None,Reactive,kanga
413,20240812_211,None,None,None,None,kanga
414,20240812_216,None,None,None,Both,kanga
415,20240812_222,None,None,None,None,kanga
416,20240812_223,None,None,None,Reactive,kanga
417,20240812_234,None,None,None,Reactive,kanga
418,20240812_241,None,None,None,Reactive,kanga
419,20240812_251,Both,Reactive,Both,Both,kanga
420,20240812_255,None,None,None,Both,kanga
421,20240812_271,Reactive,None,Reactive,Both,kanga
422,20240812_284,None,None,Predictive,None,kanga
423,20240812_293,Reactive,None,None,Reactive,kanga
424,20240813_8,None,None,None,Reactive,kanga
425,20240813_40,None,Reactive,None,None,kanga
426,20240813_53,None,None,Predictive,None,kanga
427,20240813_54,None,None,None,Predictive,kanga
428,20240813_55,None,Predictive,Both,Reactive,kanga
429,20240813_59,None,Predictive,Predictive,None,kanga
430,20240813_66,None,None,None,None,kanga
431,20240813_75,None,Predictive,Both,Both,kanga
432,20240813_102,None,None,None,None,kanga
433,20240813_108,None,Predictive,None,Reactive,kanga
434,20240813_121,None,None,Both,Reactive,kanga
435,20240813_131,None,None,None,Reactive,kanga
436,20240813_141,None,None,None,None,kanga
437,20240813_151,None,None,None,None,kanga
438,20240813_195,None,None,None,None,kanga
439,20240813_198,None,None,None,None,kanga
440,20240813_200,None,None,None,None,kanga
441,20240813_204,None,None,None,None,kanga
442,20240813_206,None,None,None,None,kanga
443,20240813_219,None,None,None,None,kanga
444,20240813_221,None,Predictive,None,None,kanga
445,20240813_222,None,None,None,None,kanga
446,20240813_230,None,None,Predictive,None,kanga
447,20240813_234,Predictive,Both,Both,Reactive,kanga
448,20240813_235,None,None,None,None,kanga
449,20240813_243,None,None,None,None,kanga
450,20240813_259,None,None,None,Reactive,kanga
451,20240813_261,None,Reactive,None,Reactive,kanga
452,20240813_281,None,None,None,None,kanga
453,20240813_282,None,None,None,None,kanga
454,20240814_3,None,None,None,None,kanga
455,20240814_44,Both,None,Reactive,Reactive,kanga
456,20240814_56,Reactive,None,Both,Reactive,kanga
457,20240814_70,Reactive,None,Reactive,Reactive,kanga
458,20240814_100,None,None,Reactive,Reactive,kanga
459,20240814_112,Reactive,None,Reactive,None,kanga
460,20240814_118,Reactive,None,Reactive,Reactive,kanga
461,20240814_119,None,None,None,None,kanga
462,20240814_141,None,None,None,None,kanga
463,20240814_154,Both,None,Reactive,Reactive,kanga
464,20240814_186,None,None,None,None,kanga
465,20240814_194,Reactive,None,Reactive,None,kanga
466,20240814_208,None,None,Reactive,None,kanga
467,20240814_220,None,None,Reactive,None,kanga
468,20240814_227,Both,Reactive,Reactive,Reactive,kanga
469,20240814_243,None,None,Reactive,Reactive,kanga
470,20240814_269,None,None,Reactive,Both,kanga
471,20240814_274,None,None,None,Reactive,kanga
472,20240814_283,None,None,None,None,kanga
473,20240815_5,Reactive,None,Reactive,None,kanga
474,20240815_46,None,None,None,None,kanga
475,20240815_58,Both,Reactive,Both,Reactive,kanga
476,20240815_61,Predictive,None,Reactive,Reactive,kanga
477,20240815_85,Reactive,None,Reactive,Both,kanga
478,20240815_107,None,Predictive,None,None,kanga
479,20240815_133,None,None,None,None,kanga
480,20240815_135,Reactive,None,Reactive,Reactive,kanga
481,20240815_136,None,None,None,None,kanga
482,20240815_181,None,None,Reactive,Predictive,kanga
483,20240815_238,None,None,Both,Reactive,kanga
484,20240815_267,Reactive,None,None,None,kanga
485,20240815_268,Both,Reactive,Reactive,Both,kanga
486,20240815_300,None,None,Reactive,Reactive,kanga
487,20240815_302,Reactive,Both,Reactive,Reactive,kanga
488,20240815_326,Reactive,Reactive,Reactive,Reactive,kanga
489,20240815_328,Reactive,None,None,Reactive,kanga
490,20240815_330,None,None,None,None,kanga
491,20240815_334,None,None,None,Reactive,kanga
492,20240815_336,Both,Predictive,None,Reactive,kanga
493,20240819_3,None,None,Reactive,Reactive,kanga
494,20240819_63,Both,None,Both,Both,kanga
495,20240819_82,None,None,Both,Both,kanga
496,20240819_102,None,Reactive,Reactive,None,kanga
497,20240819_124,None,None,Reactive,Reactive,kanga
498,20240819_149,None,None,Both,None,kanga
499,20240819_156,None,None,Reactive,Reactive,kanga
500,20240819_162,None,None,Reactive,Reactive,kanga
501,20240819_177,None,Reactive,Reactive,Both,kanga
502,20240819_183,None,None,None,None,kanga
503,20240819_234,None,None,None,Reactive,kanga
504,20240819_235,None,Reactive,Reactive,None,kanga
505,20240819_242,None,None,None,None,kanga
506,20240819_249,None,None,None,None,kanga
507,20240819_258,None,None,Reactive,None,kanga
508,20240819_268,None,None,Both,Reactive,kanga
509,20240819_301,None,None,Reactive,None,kanga
510,20240819_312,None,Reactive,None,None,kanga
511,20240819_337,None,None,None,None,kanga
512,20240819_339,None,None,None,None,kanga
513,20240819_341,Predictive,Reactive,Both,Reactive,kanga
514,20240821_65,Reactive,Reactive,Both,None,kanga
515,20240821_70,Reactive,Reactive,Both,Reactive,kanga
516,20240821_95,Reactive,Reactive,Reactive,Reactive,kanga
517,20240821_102,Reactive,None,Reactive,None,kanga
518,20240821_125,Reactive,None,Reactive,None,kanga
519,20240821_157,Reactive,Reactive,Reactive,Predictive,kanga
520,20240821_257,None,None,None,None,kanga
521,20240821_261,Reactive,Reactive,Reactive,None,kanga
522,20240821_277,Reactive,None,Reactive,None,kanga
523,20240821_297,Reactive,None,Reactive,None,kanga
524,20240821_299,Reactive,Reactive,Reactive,None,kanga
525,20240821_335,None,None,None,None,kanga
526,20240821_350,Reactive,None,Reactive,None,kanga
527,20240821_362,Reactive,Reactive,Reactive,None,kanga
528,20240821_366,None,None,Reactive,None,kanga
529,20240821_368,Reactive,None,Reactive,None,kanga
530,20240821_370,Reactive,None,Reactive,None,kanga
531,20240821_372,Reactive,None,Reactive,None,kanga
532,20240821_374,Reactive,None,Reactive,None,kanga
533,20240822_52,None,None,None,None,kanga
534,20240822_62,Both,Reactive,Reactive,Both,kanga
535,20240822_72,Both,Reactive,Reactive,None,kanga
536,20240822_136,None,None,Reactive,None,kanga
537,20240822_232,None,None,Reactive,None,kanga
538,20240822_233,Predictive,None,None,None,kanga
539,20240822_239,Predictive,Reactive,Reactive,None,kanga
540,20240822_260,None,None,Reactive,None,kanga
541,20240822_278,Reactive,Reactive,Reactive,None,kanga
542,20240822_305,None,None,None,None,kanga
543,20240822_307,Reactive,None,None,None,kanga
544,20240822_314,Reactive,Reactive,Reactive,Both,kanga
545,20240822_331,None,None,Reactive,None,kanga
546,20240822_333,None,None,None,None,kanga
547,20240822_335,None,None,None,None,kanga
548,20240822_337,None,None,None,None,kanga
549,20250415_2,None,None,None,None,kanga
550,20250415_4,None,None,None,None,kanga
551,20250415_9,None,None,None,None,kanga
552,20250415_12,Reactive,None,None,Reactive,kanga
553,20250415_14,Reactive,None,None,Both,kanga
554,20250415_17,Both,Both,Both,Both,kanga
555,20250415_18,Reactive,None,Reactive,Both,kanga
556,20250415_21,None,None,None,None,kanga
557,20250415_36,None,None,None,None,kanga
558,20250415_38,None,None,Reactive,None,kanga
559,20250415_40,Reactive,None,Reactive,None,kanga
560,20250415_42,Reactive,Both,Reactive,None,kanga
561,20250415_43,None,Reactive,Both,None,kanga
562,20250415_45,Reactive,None,Reactive,None,kanga
563,20250415_50,Reactive,None,Predictive,None,kanga
564,20250415_52,Reactive,None,None,Both,kanga
565,20250415_53,Reactive,None,Reactive,Predictive,kanga
566,20250415_55,None,None,Reactive,None,kanga
567,20250415_56,Reactive,Reactive,Both,Both,kanga
568,20250415_57,Reactive,Reactive,None,None,kanga
569,20250415_59,None,None,None,None,kanga
570,20250415_60,Reactive,None,None,None,kanga
571,20250415_62,None,None,Reactive,None,kanga
572,20250415_67,None,None,None,None,kanga
573,20250415_76,None,None,None,None,kanga
574,20250415_84,Reactive,None,Reactive,None,kanga
575,20250415_86,None,None,None,None,kanga
576,20250415_88,Reactive,None,None,None,kanga
577,20250415_89,Reactive,None,Both,Both,kanga
578,20250415_92,Reactive,Reactive,Both,Both,kanga
579,20250415_93,Reactive,None,Both,Both,kanga
580,20250415_97,None,None,None,None,kanga
581,20250415_100,Both,Both,Both,Both,kanga
582,20250415_101,Reactive,None,Reactive,None,kanga
583,20250415_102,Reactive,Reactive,Both,None,kanga
584,20250415_103,Reactive,None,Reactive,Both,kanga
585,20250415_115,Reactive,None,Reactive,None,kanga
586,20250415_117,Reactive,None,Reactive,None,kanga
587,20250415_119,None,None,None,None,kanga
588,20250415_121,None,None,None,None,kanga
589,20250415_123,None,None,None,None,kanga
590,20250415_125,None,None,None,None,kanga
622,20250417_0,Reactive,Predictive,Both,None,kanga
623,20250417_2,Reactive,Reactive,Reactive,Reactive,kanga
624,20250417_10,Reactive,Predictive,Reactive,None,kanga
625,20250417_13,Reactive,Reactive,None,None,kanga
626,20250417_15,Reactive,Reactive,Both,None,kanga
627,20250417_39,Reactive,None,Reactive,None,kanga
628,20250417_46,Reactive,Reactive,Reactive,None,kanga
629,20250417_47,Reactive,None,Reactive,None,kanga
630,20250417_50,Both,None,Both,Reactive,kanga
631,20250417_52,Reactive,None,Both,None,kanga
632,20250417_55,Reactive,None,None,None,kanga
633,20250417_56,Reactive,None,Both,None,kanga
634,20250417_60,Reactive,Reactive,Reactive,None,kanga
635,20250417_62,Reactive,None,None,None,kanga
636,20250417_70,Both,Both,Both,None,kanga
637,20250417_75,None,None,Reactive,None,kanga
638,20250417_77,Both,Both,Reactive,None,kanga
639,20250417_82,None,None,Reactive,None,kanga
640,20250417_87,Reactive,Predictive,Reactive,None,kanga
641,20250417_89,Reactive,None,Reactive,None,kanga
642,20250417_91,Reactive,None,Both,None,kanga
643,20250417_93,Reactive,None,Reactive,None,kanga
644,20250417_95,Reactive,Reactive,Both,None,kanga
645,20250417_98,Reactive,Reactive,Reactive,None,kanga
646,20250417_103,Reactive,None,Both,None,kanga
647,20250417_108,Reactive,None,Reactive,None,kanga
648,20250417_113,Reactive,None,Reactive,None,kanga
649,20250417_115,Reactive,Both,Reactive,None,kanga
650,20250417_117,None,None,None,None,kanga
731,20250422_1,Reactive,Reactive,None,None,kanga
732,20250422_3,None,None,None,None,kanga
733,20250422_4,None,None,None,None,kanga
734,20250422_11,None,None,None,None,kanga
735,20250422_13,None,None,None,None,kanga
736,20250422_17,None,None,None,None,kanga
737,20250422_25,None,None,None,None,kanga
738,20250422_27,Reactive,None,None,None,kanga
739,20250422_30,Both,Predictive,Both,None,kanga
740,20250422_38,None,None,None,None,kanga
741,20250422_50,Reactive,Reactive,Reactive,None,kanga
742,20250422_53,Both,Both,Both,None,kanga
743,20250422_60,Reactive,Reactive,Both,None,kanga
744,20250422_62,Reactive,None,Predictive,None,kanga
745,20250422_64,Reactive,Reactive,None,None,kanga
746,20250422_67,None,None,None,None,kanga
747,20250422_72,None,None,None,None,kanga
748,20250422_73,None,None,None,None,kanga
749,20250422_76,Predictive,None,Both,None,kanga
750,20250422_82,None,None,Reactive,None,kanga
751,20250422_91,None,None,None,None,kanga
752,20250422_92,None,None,None,None,kanga
753,20250422_93,None,None,None,None,kanga
754,20250422_99,None,None,None,None,kanga
755,20250422_100,Reactive,None,None,None,kanga
756,20250422_104,Both,Both,Both,None,kanga
757,20250422_105,None,None,None,None,kanga
758,20250422_110,Reactive,Reactive,Both,None,kanga
759,20250422_111,Both,Both,Both,Predictive,kanga
760,20250422_113,None,Reactive,None,None,kanga
761,20250422_115,Reactive,None,None,None,kanga
762,20250422_117,Reactive,Predictive,Both,None,kanga
763,20250422_124,None,None,None,None,kanga
764,20250422_126,None,None,Reactive,None,kanga
793,20250423_1,Reactive,Both,Reactive,Reactive,kanga
794,20250423_7,Reactive,None,None,None,kanga
795,20250423_20,Reactive,None,None,None,kanga
796,20250423_40,Both,Reactive,Both,Reactive,kanga
797,20250423_43,Reactive,Reactive,Both,Reactive,kanga
798,20250423_46,Reactive,Reactive,Reactive,None,kanga
799,20250423_55,Reactive,Reactive,Reactive,None,kanga
800,20250423_65,Reactive,None,None,None,kanga
801,20250423_67,Both,Reactive,Reactive,Both,kanga
802,20250423_80,Both,Both,Both,Both,kanga
803,20250423_87,Reactive,None,Reactive,None,kanga
804,20250423_88,Reactive,None,Reactive,None,kanga
805,20250423_101,Reactive,Predictive,Reactive,None,kanga
806,20250423_107,Reactive,None,Both,None,kanga
807,20250423_126,Reactive,None,Reactive,None,kanga
808,20250423_129,Both,Reactive,Both,Predictive,kanga
809,20250423_148,Reactive,None,None,None,kanga
810,20250423_165,None,None,None,None,kanga
811,20250423_176,Both,Reactive,Both,Both,kanga
812,20250423_179,Reactive,None,None,None,kanga
813,20250423_184,Reactive,Both,Reactive,Reactive,kanga
814,20250423_185,None,Reactive,Reactive,None,kanga
815,20250423_194,Reactive,Reactive,Reactive,None,kanga
816,20250423_216,None,None,None,None,kanga
817,20250423_218,Reactive,None,None,None,kanga
818,20250423_220,None,None,None,None,kanga
819,20250423_222,Reactive,None,None,None,kanga
820,20250423_224,None,None,None,None,kanga
873,20250424_MC_6,Both,Reactive,Both,Predictive,kanga
874,20250424_MC_8,Reactive,None,Both,None,kanga
875,20250424_MC_11,Reactive,None,Reactive,None,kanga
876,20250424_MC_13,Reactive,Both,Both,None,kanga
877,20250424_MC_15,Reactive,None,Reactive,None,kanga
878,20250424_MC_24,Reactive,Reactive,Reactive,None,kanga
879,20250424_MC_28,None,None,None,None,kanga
880,20250424_MC_38,Reactive,Reactive,None,None,kanga
881,20250424_MC_40,Both,None,Both,Reactive,kanga
882,20250424_MC_43,Reactive,Reactive,None,None,kanga
883,20250424_MC_47,Reactive,None,Both,None,kanga
884,20250424_MC_49,Reactive,Reactive,Reactive,None,kanga
885,20250424_MC_52,Reactive,Reactive,Both,None,kanga
886,20250424_MC_54,None,None,Reactive,None,kanga
887,20250424_MC_61,Reactive,Both,Both,None,kanga
888,20250424_MC_78,Reactive,None,Both,None,kanga
889,20250424_MC_81,None,None,None,None,kanga
890,20250424_MC_85,Reactive,None,None,None,kanga
891,20250424_MC_95,Reactive,None,Reactive,None,kanga
892,20250424_MC_101,Reactive,Reactive,Reactive,None,kanga
893,20250424_MC_108,Reactive,None,Both,None,kanga
894,20250424_MC_112,Reactive,None,None,None,kanga
895,20250424_MC_114,None,None,None,None,kanga
896,20250424_MC_116,None,None,None,None,kanga
1005,20250428_MC_7,Reactive,Reactive,Both,Predictive,kanga
1006,20250428_MC_9,Reactive,Predictive,None,None,kanga
1007,20250428_MC_11,Both,Reactive,Both,None,kanga
1008,20250428_MC_15,Reactive,Both,Reactive,Predictive,kanga
1009,20250428_MC_17,Reactive,Reactive,None,None,kanga
1010,20250428_MC_20,Reactive,Reactive,Both,None,kanga
1011,20250428_MC_29,Reactive,Reactive,None,None,kanga
1012,20250428_MC_34,Both,Reactive,Reactive,None,kanga
1013,20250428_MC_36,Reactive,None,Reactive,None,kanga
1014,20250428_MC_38,Reactive,None,None,None,kanga
1015,20250428_MC_40,None,None,None,None,kanga
1016,20250428_MC_44,None,None,None,None,kanga
1017,20250428_MC_45,Reactive,Reactive,Both,None,kanga
1018,20250428_MC_48,Reactive,Reactive,Reactive,Predictive,kanga
1019,20250428_MC_57,Reactive,Reactive,Reactive,None,kanga
1020,20250428_MC_64,None,None,None,None,kanga
1021,20250428_MC_69,Reactive,None,None,None,kanga
1022,20250428_MC_71,None,Reactive,Reactive,None,kanga
1023,20250428_MC_73,Reactive,None,None,None,kanga
1069,20250429_MC_5,Reactive,Reactive,Both,Both,kanga
1070,20250429_MC_8,None,None,None,None,kanga
1071,20250429_MC_11,Reactive,None,None,Reactive,kanga
1072,20250429_MC_12,None,None,None,None,kanga
1073,20250429_MC_18,Reactive,Predictive,None,None,kanga
1074,20250429_MC_26,Reactive,Both,None,Reactive,kanga
1075,20250429_MC_28,Reactive,None,None,None,kanga
1076,20250429_MC_36,Reactive,None,None,None,kanga
1077,20250429_MC_41,None,None,None,None,kanga
1078,20250429_MC_43,Reactive,Predictive,Reactive,None,kanga
1079,20250429_MC_46,None,None,None,None,kanga
1080,20250429_MC_47,Reactive,None,Both,Reactive,kanga
1081,20250429_MC_51,None,Reactive,Both,Reactive,kanga
1082,20250429_MC_59,None,None,None,None,kanga
1083,20250429_MC_62,Reactive,Reactive,Both,Both,kanga
1084,20250429_MC_67,Reactive,None,None,None,kanga
1085,20250429_MC_72,None,None,None,None,kanga
1086,20250429_MC_74,Reactive,Reactive,Both,Both,kanga
1087,20250429_MC_80,Both,Both,Both,Both,kanga
1088,20250429_MC_83,Reactive,Reactive,Both,Reactive,kanga
1089,20250429_MC_86,Reactive,Reactive,Both,Reactive,kanga
1090,20250429_MC_91,None,None,None,None,kanga
1091,20250429_MC_96,Reactive,Both,None,Reactive,kanga
1092,20250429_MC_98,Reactive,None,Reactive,None,kanga
1115,20250430_MC_3,None,None,None,None,kanga
1116,20250430_MC_10,None,None,None,None,kanga
1117,20250430_MC_12,None,None,None,None,kanga
1118,20250430_MC_14,None,None,None,None,kanga
1119,20250430_MC_16,Reactive,Reactive,None,None,kanga
1120,20250430_MC_23,Reactive,Reactive,Reactive,None,kanga
1121,20250430_MC_30,None,None,None,None,kanga
1122,20250430_MC_34,Reactive,Reactive,None,None,kanga
1123,20250430_MC_43,Both,Reactive,Reactive,None,kanga
1124,20250430_MC_47,Both,Both,Both,Predictive,kanga
1125,20250430_MC_53,Both,Reactive,Both,None,kanga
1126,20250430_MC_56,None,None,None,None,kanga
1127,20250430_MC_74,Reactive,Reactive,Reactive,None,kanga
1128,20250430_MC_79,Reactive,Reactive,Both,None,kanga
1129,20250430_MC_82,None,None,None,None,kanga
1130,20250430_MC_84,None,None,Reactive,None,kanga
1131,20250430_MC_87,Both,Reactive,Both,None,kanga
1132,20250430_MC_98,None,None,None,None,kanga
1133,20250430_MC_108,Reactive,Reactive,None,None,kanga
1134,20250430_MC_119,Reactive,None,None,None,kanga
1135,20250430_MC_121,None,None,None,None,kanga
1136,20250430_MC_123,None,None,None,None,kanga
1137,20250430_MC_125,None,None,None,None,kanga
