date,recorded_animal,role,clusterID,r_fr_slope_pull_rt_all,p_fr_slope_pull_rt_all,r_fr_slope_social_evidence_all,p_fr_slope_social_evidence_all
20240509,kanga,follower,300,-0.5008045361013816,4.741933276297143e-06,0.3878237874829186,0.0005863697046507309
20240509,kanga,follower,302,-0.36297940520577254,0.0013713785219127378,0.1283269934117533,0.2725442340259586
20240509,kanga,follower,304,-0.4985021275815143,5.325772065494157e-06,0.1848697238097914,0.11232069450692471
20240509,kanga,follower,314,-0.6404603020050355,6.100110884948712e-10,0.3043433130726322,0.007937549749782174
20240509,kanga,follower,324,-0.5948595824754266,1.8253177588260572e-08,0.44254339282079225,7.022940493737334e-05
20240509,kanga,follower,327,-0.6197213017697278,3.062249235906182e-09,0.2876501745669327,0.012334932083733454
20240509,kanga,follower,334,-0.5835739820802176,3.908799106256752e-08,0.36928440982780414,0.0011123667182226685
20240509,kanga,follower,336,-0.45930750084544586,3.398037636831009e-05,0.381018406198041,0.0007449778714016433
20240509,kanga,follower,341,-0.6419554558831304,5.404669365328362e-10,0.35187318245147137,0.0019629737088151453
20240509,kanga,follower,343,-0.5082948785331936,3.2310528817127574e-06,0.12159163266696026,0.29871644390302177
20240509,kanga,follower,349,-0.48145990172826125,1.2260285479442899e-05,0.1770531087852528,0.12861042237914094
20240509,kanga,follower,350,-0.5605781440219355,1.692035345645441e-07,0.4089265795574404,0.0002699374512324374
20240509,kanga,follower,352,-0.5637783549628639,1.3890804965422928e-07,0.3920755405605375,0.0005035865223570562
20240509,kanga,follower,354,-0.4216948554133145,0.00016457008531188316,0.22095950895479194,0.05677429171874675
20240513,kanga,follower,56,-0.4387281474992897,0.0003222085736640089,0.035903056004873604,0.7799722574929419
20240513,kanga,follower,95,-0.47020839528719344,0.00010088382310336147,0.22701324040813115,0.0735795235496709
20240513,kanga,follower,141,-0.11660776097924824,0.36275845911277493,0.19901694841838816,0.11788733422168962
20240513,kanga,follower,142,-0.270542730309085,0.03199018606847933,0.18007498430785054,0.1578753427742569
20240513,kanga,follower,251,-0.23234341047591117,0.06689126420857348,0.04861505909063926,0.7051580566608591
20240513,kanga,follower,262,-0.4880692557573774,4.9559820798182464e-05,0.34492889372748065,0.005631830559330571
20240513,kanga,follower,285,-0.682007432660405,7.543451767924505e-10,0.36992627836409003,0.002844721882875678
20240513,kanga,follower,328,-0.45862846598035245,0.00015669013615602433,0.17510969417679922,0.16984868978987788
20240513,kanga,follower,340,-0.4769233634821981,7.758253956826949e-05,0.24345458152830443,0.054517373143917566
20240513,kanga,follower,342,-0.38381509683878645,0.0019008431095405107,-0.029794563173048932,0.8166911831645499
20240513,kanga,follower,344,-0.6210044253326099,5.6335162862225476e-08,0.34901597194510625,0.005055147010952518
20240513,kanga,follower,346,-0.4392129693536962,0.0003167633049274801,-0.0019072457892403763,0.9881636910189509
20240513,kanga,follower,348,-0.5735547872425598,8.944265180784075e-07,0.2403455074053072,0.057775522336823495
20240513,kanga,follower,350,-0.5520254109286388,2.732970348153675e-06,0.28333765813906736,0.024435085079039832
20240513,kanga,follower,352,-0.40329861831946495,0.0010477594886460473,0.2812528323101021,0.025551854513337947
20240513,kanga,follower,354,-0.479389329202206,7.0352528980307e-05,0.20213886477965287,0.11211737091465952
20240513,kanga,follower,356,-0.2987621004356944,0.017384891064521017,0.079463189395337,0.5358705552543745
20240523,kanga,leader,375,-0.4619187159029756,0.0001384848678247136,-0.0071744883785698765,0.9554962793416347
20240523,kanga,leader,377,-0.6047595165870835,1.527359788883105e-07,0.050588259663091974,0.6937704340564214
20240523,kanga,leader,379,-0.5899687642119068,3.612772665910094e-07,-0.04614159482523472,0.7195240050443961
20240523,kanga,leader,381,-0.6423238285297985,1.3910740740211593e-08,0.1459106177911586,0.253846018374794
20240523,kanga,leader,387,-0.5306307253655813,7.696936696577269e-06,0.10769044111318574,0.40085416628372217
20240523,kanga,leader,390,-0.45314371273991166,0.00019198048356693266,0.10108011032778344,0.4305479041602151
20240523,kanga,leader,392,-0.5338800562866436,6.606786957583298e-06,-0.07463802764548219,0.5609913569218048
20240523,kanga,leader,394,-0.4654766956585988,0.00012099924639238716,-0.0794063599777086,0.5361631738956893
20240523,kanga,leader,396,-0.4239557996165765,0.0005351444559674931,0.009186591258431395,0.9430335364038958
20240523,kanga,leader,398,-0.6050723391801145,1.4990906953247282e-07,0.14527311297102624,0.2559489248671825
20240523,kanga,leader,400,-0.48643765891257246,5.297165879898634e-05,-0.16121204409086423,0.2068651767947527
20240523,kanga,leader,402,-0.18808531381340246,0.13989118654274674,0.18908295401342778,0.1377637024065858
20240523,kanga,leader,404,-0.23681961495892262,0.061659601611480375,-0.061512596292830596,0.6319969366021845
20240523,kanga,leader,410,-0.4329782220612618,0.0003936319357133017,0.06662215521849299,0.6039108181908927
20240606,kanga,leader,138,-0.5577534388449454,9.286247668544201e-09,0.15570739214228588,0.1405284851253824
20240606,kanga,leader,226,-0.3392924537672986,0.0010016199980733937,0.1353889891432834,0.20069450749017712
20240606,kanga,leader,292,-0.05999441926274766,0.5721363617595162,-0.05465800764669849,0.6068456586648648
20240606,kanga,leader,306,-0.509884162357437,2.4387229035198514e-07,0.09955877537408712,0.34776324751112386
20240606,kanga,leader,307,-0.41488713076849343,4.333400237902186e-05,0.1319915485557281,0.21233223693953396
20240606,kanga,leader,309,-0.6433692417652361,6.095332352922769e-12,0.14585242459097852,0.16774097546875194
20240606,kanga,leader,311,-0.5697270012678226,3.773243185016309e-09,0.21091874507528713,0.044764603624900715
20240606,kanga,leader,313,-0.6104666804568373,1.3220599561778607e-10,0.17343488353440983,0.10016024686787976
20240606,kanga,leader,315,-0.48602750500364167,1.040174324811877e-06,-0.0176657322393148,0.8679966549353632
20240606,kanga,leader,319,-0.38220059455562566,0.00018508985257935669,-0.008427678888645332,0.9368059705605332
20240606,kanga,leader,321,-0.5161714069247597,1.6331143452780826e-07,0.03923855971332306,0.7119191561301863
20240606,kanga,leader,323,-0.4467687108448994,9.028917520444215e-06,0.12536968565419232,0.23637491470172453
20240606,kanga,leader,325,-0.5541119356489667,1.2127022173240962e-08,-0.04409810477223519,0.6781010231064709
20240606,kanga,leader,327,-0.5415984589515739,2.9626755721504857e-08,0.07158087259253007,0.5001433444519148
20240606,kanga,leader,329,-0.5965939361867818,4.3630046427641935e-10,0.2651687112263233,0.011078019109041043
20240606,kanga,leader,331,-0.5568398835393289,9.932320670971912e-09,0.014313186234189812,0.8928819069617171
20240606,kanga,leader,333,-0.5405877607929422,3.1792911874734015e-08,0.06957062576562695,0.5122863680601097
20240606,kanga,leader,335,-0.44288121617595666,1.102575051799102e-05,0.1441181273563562,0.1729073958542398
20240606,kanga,leader,337,-0.4127602308287473,4.784972976406748e-05,0.01276308923614243,0.9044246089316124
20240606,kanga,leader,339,-0.5038187863252587,3.563530737965413e-07,-0.01878238671065167,0.8597351961193199
20240606,kanga,leader,341,-0.4914636140390858,7.546286391168402e-07,0.21351535640928426,0.04213864104698666
20240606,kanga,leader,343,-0.5722939030809611,3.096126663412378e-09,0.0649360376303492,0.5408467344857892
20240606,kanga,leader,345,-0.39824334585668614,9.248942021977914e-05,0.19976344399144905,0.057635327214638675
20240606,kanga,leader,347,-0.5996160627196081,3.3801395219848427e-10,0.13850443034221202,0.1904314835244168
20240606,kanga,leader,349,-0.36589219551403634,0.00036156612168322216,-0.01036651417733963,0.9223088456512051
20240606,kanga,leader,351,-0.3779111553889558,0.0002214904532941024,4.739896241539969e-05,0.999644217991208
20240808,kanga,follower,8,-0.5541811796663139,1.1678961535113732e-07,0.3440886210614221,0.0019029264763735841
20240808,kanga,follower,48,-0.38477450617210773,0.0004630548688488494,0.2243739776634886,0.04682089753272744
20240808,kanga,follower,54,-0.3533429171728425,0.0014020450508846702,0.2896673914421498,0.00961569475372154
20240808,kanga,follower,58,-0.3439273373521094,0.001912929502860928,0.25356482307952394,0.02414604462767213
20240808,kanga,follower,64,-0.5768061615895368,2.6428222678378948e-08,0.35997189723748874,0.0011201424988186456
20240808,kanga,follower,109,-0.5657969438916977,5.522285818880644e-08,0.3827020331846045,0.0004998730050186634
20240808,kanga,follower,129,-0.5243587566215495,7.051801571985535e-07,-0.050642453286328916,0.6575993820984558
20240808,kanga,follower,137,-0.32610088882570026,0.003358401387787794,-0.04034579707992168,0.724066504901
20240808,kanga,follower,155,-0.4482851929536276,3.427354477059182e-05,0.2870956841242966,0.01030751095864035
20240808,kanga,follower,166,-0.5624238949059774,6.884335342021004e-08,0.2356851295343939,0.03652992876958943
20240808,kanga,follower,173,-0.4897974414121357,4.621477673323681e-06,0.05669691380600851,0.6196824737532609
20240808,kanga,follower,207,-0.5062074655172564,1.9420149820595038e-06,0.2765505958660024,0.013618251950299634
20240808,kanga,follower,219,-0.33484524463542226,0.00255864290271008,0.17744538477235622,0.11770641514970612
20240808,kanga,follower,223,-0.26487440027099635,0.01832267536758318,0.06989896509227583,0.5404568090506869
20240808,kanga,follower,225,-0.3676436292645848,0.0008586806082383333,0.11771403716149668,0.3015169000495282
20240808,kanga,follower,250,-0.4806309132582117,7.35841303650233e-06,0.14356866451735423,0.20684893525858508
20240808,kanga,follower,255,-0.37316452531291033,0.0007062967469412584,0.18956952752557882,0.09427137382647362
20240808,kanga,follower,263,-0.3429660513585029,0.0019735377417316635,0.2845187053777896,0.011043912609894674
20240808,kanga,follower,264,-0.45505749477723245,2.515360423632371e-05,0.32706189662908175,0.0032607392635502254
20240808,kanga,follower,290,-0.20633967856179117,0.06808528323742523,0.1365221520882403,0.2302477509215465
20240808,kanga,follower,295,-0.39832613015351254,0.00027727955283015065,0.1813725330426969,0.10967016675844542
20240808,kanga,follower,303,-0.28029009309416647,0.012351716063750287,0.0637122876203199,0.5769616647374609
20240808,kanga,follower,304,-0.3804968415087764,0.0005419709629129874,0.2094817318348329,0.06390353706603637
20240808,kanga,follower,306,-0.2696326899206805,0.016259550504153574,0.1286273743226408,0.2585846069335761
20240812,kanga,follower,1,-0.49279936857394047,1.4654882725105924e-05,-0.19607846548395147,0.10377831414747601
20240812,kanga,follower,56,-0.5435844814292845,1.1571132571575878e-06,0.0030165680989114874,0.9802272275378271
20240812,kanga,follower,57,-0.4304240090421928,0.00019986543254294338,0.14711702642360766,0.22423932524838322
20240812,kanga,follower,61,-0.542384661864973,1.234635679613244e-06,-0.07710469685357031,0.5257975156571103
20240812,kanga,follower,101,-0.3764281276592265,0.001319378507412304,0.07722209567587726,0.5251655800782696
20240812,kanga,follower,110,-0.4366269913800295,0.00015756833124170436,-0.14020299066503186,0.24701515275035044
20240812,kanga,follower,124,-0.5272902184896737,2.733511181121729e-06,-0.04800503584172056,0.6931124154637368
20240812,kanga,follower,131,-0.4627276753229791,5.501954205719292e-05,0.08299609120888314,0.4945613732536614
20240812,kanga,follower,132,-0.43207217932947956,0.00018771193659287486,-0.3299039975061361,0.005286802603113098
20240812,kanga,follower,147,-0.48472671602292955,2.1161294238911085e-05,0.022944952988493056,0.8504537854202172
20240812,kanga,follower,160,-0.41076707118664046,0.0004122639862792197,-0.023515962266184784,0.846776693943478
20240812,kanga,follower,165,-0.41051566516045385,0.00041598148989980605,-0.16070110299642715,0.18385829804408524
20240812,kanga,follower,211,-0.4140654567997608,0.0003662212936067817,-0.029688995918307898,0.8072484937243308
20240812,kanga,follower,216,-0.5072626894472304,7.409880282046344e-06,0.050722725875730235,0.6766753486562157
20240812,kanga,follower,222,-0.29106975700316573,0.014501338138444649,0.007533125694454246,0.9506483039140856
20240812,kanga,follower,223,-0.3242717769686294,0.0061696291221050486,0.1235857283975296,0.3080659708913129
20240812,kanga,follower,234,-0.41159930977405634,0.0004001731501310472,-0.04883526169493536,0.6880756336453501
20240812,kanga,follower,241,-0.4321564031179876,0.00018710950572214805,-0.023617780381301898,0.8461213626075368
20240812,kanga,follower,251,-0.3944474214828392,0.0007278250023335714,0.07890731673810238,0.5161364356732717
20240812,kanga,follower,255,-0.23536356241979145,0.04983411240529274,0.18832213005872092,0.11846450549891474
20240812,kanga,follower,271,-0.18462534689448876,0.12600195277328735,-0.17452961240488063,0.14844551144130047
20240812,kanga,follower,284,-0.41926362848575255,0.0003031179276758266,0.09840413112645459,0.4176795782473432
20240812,kanga,follower,293,-0.45785154502905295,6.74089158338301e-05,0.05927680122374826,0.6259433971616646
20240813,kanga,leader,8,-0.4048350821104292,0.04470444038458895,0.18373998855562562,0.3793008262212389
20240813,kanga,leader,40,-0.39519127785753805,0.050556634248648355,0.512090522152743,0.00887153326293923
20240813,kanga,leader,53,-0.266367344779032,0.1980754838693211,-0.02954438855190697,0.8885103990507048
20240813,kanga,leader,54,-0.3155644784113326,0.1243882641227918,0.018185054198140115,0.931246155834545
20240813,kanga,leader,55,-0.4700319095568022,0.017744489694065266,0.3767551672832275,0.0633946982224716
20240813,kanga,leader,59,-0.3001754887989588,0.14486647457788038,0.24410919357308497,0.2396135372739261
20240813,kanga,leader,66,-0.5171511061598494,0.008113992337053096,0.45112605027081254,0.02360783843901317
20240813,kanga,leader,75,-0.3915041432804617,0.05294599745198921,0.23172280395959816,0.26504231387869137
20240813,kanga,leader,102,-0.41012585559457937,0.041728237506876,0.1669072413005991,0.4252022797543055
20240813,kanga,leader,108,-0.25423643468388046,0.22005694790806407,0.1695967504058537,0.4176721273283324
20240813,kanga,leader,121,-0.31474053389962325,0.12542810771797983,0.2631553600571031,0.20374371772404307
20240813,kanga,leader,131,-0.34840295329278115,0.08786306503279494,0.39401573157230785,0.051309084924757435
20240813,kanga,leader,141,-0.4300346796066785,0.03190307184190319,0.032596700666249596,0.8770735604935893
20240813,kanga,leader,151,-0.421020358284268,0.03609302678486371,0.164782454286809,0.4312032185753487
20240813,kanga,leader,195,-0.18547736380952512,0.374731432713692,0.06746969893280576,0.7486326394752809
20240813,kanga,leader,198,-0.42129887664226406,0.035957334095096834,0.1027348853156503,0.6250734808386712
20240813,kanga,leader,200,-0.15597373485824714,0.4565636728671868,0.21033559830503318,0.31288663245916515
20240813,kanga,leader,204,-0.3047683870726312,0.1385183508947839,0.12852891852385048,0.5403447310656986
20240813,kanga,leader,206,-0.18901301867134207,0.36553111417822565,0.04737687058384414,0.822070542062725
20240813,kanga,leader,219,-0.4183109457104628,0.03743438897822825,0.33717680895073965,0.09930179113182877
20240813,kanga,leader,221,-0.4132606327556121,0.04004005930095338,0.404949108285649,0.04463858433625082
20240813,kanga,leader,222,-0.3054398587349038,0.13760729682158787,0.05584930650713523,0.7908885889528192
20240813,kanga,leader,230,-0.4765717614864047,0.01601782174591709,0.2847175207894226,0.16775505656774703
20240813,kanga,leader,234,-0.39412878070023916,0.051236346081963806,0.04253266926331831,0.8400209162334685
20240813,kanga,leader,235,-0.30760781488408534,0.1346952358217229,0.04481735266889923,0.8315446952437837
20240813,kanga,leader,243,-0.5725577929905035,0.002780025484574428,0.4785591091862344,0.015521294292153053
20240813,kanga,leader,259,-0.23742944686500858,0.2531195845178715,0.07471222614171574,0.7226398967078083
20240813,kanga,leader,261,-0.21119536926174937,0.3108670495875681,-0.0723163287669268,0.7312071173702211
20240813,kanga,leader,281,-0.43623579364875054,0.029253564074860076,0.05516852790033264,0.7933832880835617
20240813,kanga,leader,282,-0.39047922815514946,0.05362555361339918,0.025227687300699835,0.9047213521542865
20240814,kanga,leader,3,-0.33837581362768465,0.0018749827506224228,0.24754508692849075,0.024946896842070097
20240814,kanga,leader,44,-0.423163357717144,7.468081662232727e-05,0.22393114251350044,0.04313365335793261
20240814,kanga,leader,56,-0.4299469642390718,5.548181411512789e-05,0.25929357501965755,0.018655621957142765
20240814,kanga,leader,70,-0.5464294152402984,1.0935258326604792e-07,0.33861832304959394,0.0018599970839250973
20240814,kanga,leader,100,-0.3416357101301401,0.0016823594479093847,0.2920969284951023,0.007749731358070222
20240814,kanga,leader,112,-0.3968238274556183,0.00022338143508397209,0.24821408837530545,0.024545568486636256
20240814,kanga,leader,118,-0.36650517597187293,0.0007077722847704042,0.19902955112233475,0.07303673908130025
20240814,kanga,leader,119,-0.34504260861040864,0.0015003046723921127,0.10385211823848961,0.35314955894687955
20240814,kanga,leader,141,-0.41926803763830667,8.832553442488814e-05,0.25847164535273914,0.019046448834985928
20240814,kanga,leader,154,-0.49359700748993973,2.4530525111750267e-06,0.4706718728867135,8.109043027704702e-06
20240814,kanga,leader,186,-0.3933090923708549,0.0002568078744944249,0.23243763348077273,0.03560827466871589
20240814,kanga,leader,194,-0.4971310567703752,2.024272590030816e-06,0.2729203339628117,0.013110724340699657
20240814,kanga,leader,208,-0.1285882201765204,0.24959773175408856,0.1451333640550681,0.19327123429177512
20240814,kanga,leader,220,-0.4766813479565385,5.976578271027378e-06,0.2964135922506492,0.006851287987575933
20240814,kanga,leader,227,-0.28388415784958165,0.009748515879616004,0.3110595371141501,0.004448822600893929
20240814,kanga,leader,243,-0.3887792354199171,0.00030667209819237927,0.25773679726137555,0.019401793962970523
20240814,kanga,leader,269,-0.4309335762964392,5.310687255768086e-05,0.2624033424171009,0.017238584882599682
20240814,kanga,leader,274,-0.5154482201640321,7.21953376298026e-07,0.404207002580816,0.00016581363541370704
20240814,kanga,leader,283,-0.3187080448888363,0.0035203005487652933,0.17275130909743808,0.1206604044454108
20240815,kanga,leader,5,-0.5804766366109899,6.139625906653666e-07,0.29129447480218085,0.020544255202750716
20240815,kanga,leader,46,-0.5230005862897273,1.0949710770588344e-05,0.4394769507708644,0.000313833841824713
20240815,kanga,leader,58,-0.6308020729649901,3.0016641549754106e-08,0.40342525162909504,0.001043587409846574
20240815,kanga,leader,61,-0.5447871193988938,3.910599255023795e-06,0.222454304343312,0.07971384663857169
20240815,kanga,leader,85,-0.514668959159827,1.5936494138940894e-05,0.3410783684415277,0.006227284463431443
20240815,kanga,leader,107,-0.398426417332285,0.0012201640588078424,0.21506423126904928,0.09051129036427581
20240815,kanga,leader,133,-0.505553452086569,2.37622547043482e-05,0.28763632481357115,0.022262173992845743
20240815,kanga,leader,135,-0.5922260483301213,3.176759486484503e-07,0.3643101318682962,0.0033320998698882012
20240815,kanga,leader,136,-0.3778645141351106,0.00226407544406208,0.2204738450575754,0.08250189705872461
20240815,kanga,leader,181,-0.6589680989634081,4.318835952212948e-09,0.43619265809857277,0.00035210285469550244
20240815,kanga,leader,238,-0.5549965683429441,2.353419623595562e-06,0.35986805212877016,0.0037686954153254852
20240815,kanga,leader,267,-0.5390068157170982,5.175241066733157e-06,0.2713488089318945,0.03146250999888159
20240815,kanga,leader,268,-0.5245477092061076,1.0201433379215821e-05,0.29467578203522804,0.0190579115539104
20240815,kanga,leader,300,-0.5490486056115238,3.170082301203061e-06,0.3312555242246008,0.008003179468185477
20240815,kanga,leader,302,-0.48111006622254504,6.568128180624733e-05,0.3218476308967641,0.01010343053711671
20240815,kanga,leader,326,-0.5248585483342713,1.0056957259097625e-05,0.2742224563389911,0.029640228976030473
20240815,kanga,leader,328,-0.4339068265824288,0.00038119866484077154,0.16170158549869865,0.20547136064047972
20240815,kanga,leader,330,-0.6333934858329195,2.531855737067207e-08,0.43370806206290524,0.0003838294582417555
20240815,kanga,leader,334,-0.3343449641584597,0.007402154369995649,0.11412289078955157,0.373144970222664
20240815,kanga,leader,336,-0.3187030483316491,0.010904887874449628,0.22201921389548346,0.0803198658434223
20240819,kanga,follower,3,-0.6377095377889392,1.4523479393627862e-08,0.30453535965951745,0.01441761417792865
20240819,kanga,follower,63,-0.5914738140387151,2.653566545989923e-07,0.17223927283419452,0.17352879831256796
20240819,kanga,follower,82,-0.5333292012030989,5.6929121903395e-06,0.2096333245514012,0.09640401491428091
20240819,kanga,follower,102,-0.42847111003119714,0.0004121013350763823,0.26103722974758325,0.03721380536408032
20240819,kanga,follower,124,-0.42902248188490477,0.00040431466419740326,0.10472078236012185,0.4102110276923234
20240819,kanga,follower,149,-0.4061036468782495,0.000869941827913659,0.17400555278112312,0.16909287861542893
20240819,kanga,follower,156,-0.5202003179195689,1.0541092579886284e-05,0.07905490670005905,0.5346342355018552
20240819,kanga,follower,162,-0.4669820037952652,0.00010027183677624706,0.26045358462183155,0.037655556548744785
20240819,kanga,follower,177,-0.22237176052763263,0.07737945955819886,0.19800044227514307,0.11679817628002356
20240819,kanga,follower,183,-0.42079129769226103,0.0005357291185563004,0.2262232966953385,0.07225653029720351
20240819,kanga,follower,234,-0.41243127680972513,0.0007078682220008154,0.041430173182840715,0.7451443290037888
20240819,kanga,follower,235,-0.3866502917759773,0.0015997308430358904,0.24977371185116742,0.0465382577184587
20240819,kanga,follower,242,-0.36969145711140117,0.0026424281827281642,0.13754112842183505,0.2784520429277585
20240819,kanga,follower,249,-0.5321088823559984,6.0349915238985636e-06,0.2538616940200323,0.042953944162078976
20240819,kanga,follower,258,-0.4202326533189266,0.0005459198623607779,0.262379679517811,0.036214042624751204
20240819,kanga,follower,268,-0.5293599879648581,6.877059810789665e-06,0.1632912123932044,0.19730904244500322
20240819,kanga,follower,301,-0.5901296712662534,2.868060918928175e-07,0.33355111393531844,0.007072257358373354
20240819,kanga,follower,312,-0.18292414687518457,0.14795576624330362,-0.07873589977071836,0.5362893712253013
20240819,kanga,follower,337,-0.14697763589452606,0.2464751020184135,0.0786505956451812,0.5367323891055051
20240819,kanga,follower,339,-0.4919450193619071,3.6514293063944046e-05,0.12950644191765587,0.3077593549837743
20240819,kanga,follower,341,-0.42085720974921026,0.000534538228708024,0.23863062139598104,0.05757070913789109
20240821,kanga,follower,65,-0.4242345897381899,0.0045799032751505705,0.26399633525549576,0.08715065023104043
20240821,kanga,follower,70,-0.56170363071747,8.884975049697966e-05,0.15978027379749243,0.3060860406148253
20240821,kanga,follower,95,-0.6891843858626594,3.218844494272461e-07,0.25543394000976183,0.0982925974892189
20240821,kanga,follower,102,-0.5393973878333367,0.00018964119662471913,0.04421497759689426,0.778303101084461
20240821,kanga,follower,125,-0.4432533872221043,0.002911927714562121,-0.029812443666561116,0.849485665497659
20240821,kanga,follower,157,-0.5139468192281984,0.0004231921434578357,0.2076668576522521,0.18146551671087544
20240821,kanga,follower,257,-0.5663020616275654,7.54772446523586e-05,-0.110543992536136,0.4803793700544763
20240821,kanga,follower,261,-0.422676471946293,0.004747685181129163,0.2752742541873343,0.07400255235381943
20240821,kanga,follower,277,-0.17716074180479408,0.25574481451511316,0.11839711369207648,0.44954747044089194
20240821,kanga,follower,297,-0.48157830268341567,0.0010771770780198904,0.15725096993376267,0.3139053784313856
20240821,kanga,follower,299,-0.6777827680523029,5.953128165592456e-07,0.22116298922956965,0.15408604285069075
20240821,kanga,follower,335,-0.3973042464895815,0.008337184656984815,-0.11743201889646797,0.45327721806235927
20240821,kanga,follower,350,-0.42884799575846577,0.004113055571532709,-0.11523901714049473,0.46181456971747636
20240821,kanga,follower,362,-0.5347938909343273,0.00022031822984187025,0.03762543902398814,0.8106861580947825
20240821,kanga,follower,366,-0.47183268704595294,0.0014023625112132595,0.08587507040375167,0.5840077010423801
20240821,kanga,follower,368,-0.47693763814474177,0.0012225420982286469,0.18161501895725105,0.24379230398002708
20240821,kanga,follower,370,-0.5303963329379671,0.00025373843388727825,0.29014936195040986,0.05910675227572917
20240821,kanga,follower,372,-0.5456537626860807,0.00015413894712159573,-0.060779438268742825,0.6986293229346364
20240821,kanga,follower,374,-0.4168602004232891,0.005422209935666887,0.21371322088255915,0.16879866954380718
20240822,kanga,follower,52,-0.5324825736915919,0.00023735198681286055,0.19391266405718305,0.21277620498486127
20240822,kanga,follower,62,-0.5177724060680903,0.0003765962484367867,0.24311233947743,0.11620832451606138
20240822,kanga,follower,72,-0.5799952056744577,4.576373106155094e-05,0.4677420825081167,0.0015630027641834032
20240822,kanga,follower,136,-0.24156144599921864,0.11862779954677698,0.02023374409985213,0.8975278749138647
20240822,kanga,follower,232,-0.5255140815848913,0.000296146074026581,0.18099564804435322,0.24543129075143313
20240822,kanga,follower,233,-0.3137227568503994,0.040497509117035445,0.10586471378923888,0.49926431172434504
20240822,kanga,follower,239,-0.5807147453371361,4.454848332887689e-05,0.22573410758354756,0.1455361202378969
20240822,kanga,follower,260,-0.4241245431032132,0.004591581356520461,0.16630053972903092,0.28650724393748006
20240822,kanga,follower,278,-0.520302914349806,0.00034836549122750464,0.43216309922723106,0.0038037817376250023
20240822,kanga,follower,305,-0.4831253176294257,0.0010322583057932354,0.17005036674453972,0.27562490131371536
20240822,kanga,follower,307,-0.32163824663167806,0.035446524691210346,-0.06050131645179349,0.6999437000788848
20240822,kanga,follower,314,-0.4842047413787661,0.0010019123062814778,0.20507248005700832,0.18710376904144319
20240822,kanga,follower,331,-0.3611187015598732,0.017353197754836507,0.17755794828365612,0.25466331846684986
20240822,kanga,follower,333,-0.5126714063436795,0.0004398408613765053,0.3672843901287554,0.015400338874743338
20240822,kanga,follower,335,-0.22316912156570878,0.15028957195840795,0.1992594527150709,0.2001866101190994
20240822,kanga,follower,337,-0.35069513803904695,0.021129480318751274,0.06861519371795448,0.6619681908804037
20250415,kanga,follower,2,-0.5763308707909254,4.238128572979389e-05,0.3337351911245279,0.026834162810281257
20250415,kanga,follower,4,-0.5465283648411786,0.0001239963202843879,0.44174588124766784,0.002682577796128692
20250415,kanga,follower,9,-0.4761165362022547,0.0010877033031259447,0.3228906265202746,0.03253426077605553
20250415,kanga,follower,12,-0.5494339156185241,0.00011217172144229204,0.3644855481648277,0.014997097163524346
20250415,kanga,follower,14,-0.7022748510940885,1.0797910080853972e-07,0.5265064930957405,0.00024141215454702683
20250415,kanga,follower,17,-0.49260873967101415,0.0006815604249676026,0.3588962579234736,0.016737503625272702
20250415,kanga,follower,18,-0.6027740094105634,1.492059923400905e-05,0.3394071650327448,0.024200599057869244
20250415,kanga,follower,21,-0.6137118775218312,9.422589743277815e-06,0.47727333939527583,0.0010534133780458956
20250415,kanga,follower,36,-0.3681720222416674,0.013935326929027245,0.1261618647300171,0.4144776127720286
20250415,kanga,follower,38,-0.3413937566436033,0.02333083879488445,0.19401047591893614,0.2069840367365396
20250415,kanga,follower,40,-0.5696279155146293,5.444646604132756e-05,0.42216317425034217,0.004310845607894265
20250415,kanga,follower,42,-0.6461673079785744,2.1639029660229784e-06,0.5196165084428918,0.0003007625939928165
20250415,kanga,follower,43,-0.5907906428646057,2.422072086089281e-05,0.5578131641592127,8.357719613738382e-05
20250415,kanga,follower,45,-0.541419818350304,0.00014756141725466018,0.3584415053220789,0.016886328211023476
20250415,kanga,follower,50,-0.7246674337771217,2.6723144487239623e-08,0.5338369630888029,0.0001900731598806724
20250415,kanga,follower,52,-0.6872273441828153,2.574242624778985e-07,0.49437930252383133,0.0006472926268063494
20250415,kanga,follower,53,-0.5896382275242646,2.5350163892760684e-05,0.32334522389374853,0.032276724336027324
20250415,kanga,follower,55,-0.7165931075846561,4.489277396008144e-08,0.5637450963973223,6.753460176181787e-05
20250415,kanga,follower,56,-0.49756052252402255,0.0005895800193265235,0.32835945928366034,0.029546112728157988
20250415,kanga,follower,57,-0.2722355738002471,0.07381539666147058,0.17847183098444333,0.24641462743469564
20250415,kanga,follower,59,-0.5487853377326343,0.00011471861639799955,0.3688266591352241,0.013753628930839479
20250415,kanga,follower,60,-0.6489372779592908,1.8932668719747932e-06,0.4845718488898174,0.0008584168821354148
20250415,kanga,follower,62,-0.4578327272071683,0.0017786084161977487,0.3809111384824075,0.010744114965559737
20250415,kanga,follower,67,-0.40879105115788533,0.005868066800495086,0.309080120328792,0.04120410296176958
20250415,kanga,follower,76,-0.4008390134035092,0.00700892882833632,0.31036110896871094,0.0403279085770977
20250415,kanga,follower,84,-0.6014016220134577,1.5787504738320868e-05,0.363423196463305,0.01531552790006458
20250415,kanga,follower,86,-0.6014769049789455,1.5738776982214625e-05,0.4590463746034129,0.001722916501172734
20250415,kanga,follower,88,-0.6270196166400652,5.259816271027299e-06,0.39789081773140916,0.007478191721837374
20250415,kanga,follower,89,-0.5141618117654717,0.0003567564935267438,0.47371454024826604,0.0011620964232771636
20250415,kanga,follower,92,-0.49895900709492075,0.0005657029944852788,0.32455019284917885,0.03160222393922449
20250415,kanga,follower,93,-0.663716359622159,9.066941156508271e-07,0.3817327448534499,0.010561792882648573
20250415,kanga,follower,97,-0.4601639730676935,0.0016730041867071466,0.3110857175037903,0.03983905783815519
20250415,kanga,follower,100,-0.5536362757485618,9.68763086607684e-05,0.2361199842385272,0.1228153419562538
20250415,kanga,follower,101,-0.5492076921140208,0.00011305418276299683,0.3658463090953959,0.014597444648507596
20250415,kanga,follower,102,-0.6567581315475983,1.2887765718444299e-06,0.5400089616741923,0.00015474915531259797
20250415,kanga,follower,103,-0.614983869343646,8.922137357365465e-06,0.48326262832569844,0.0008908202790935852
20250415,kanga,follower,115,-0.6039730505701608,1.4199199458592073e-05,0.4730898081255439,0.0011821727703595318
20250415,kanga,follower,117,-0.559436475865888,7.887374417190791e-05,0.3689277961589046,0.013725738381622023
20250415,kanga,follower,119,-0.43723479344211946,0.002999714199204392,0.3058620388666974,0.04347397607711753
20250415,kanga,follower,121,-0.6219600646458993,6.585906101022913e-06,0.42324273499718956,0.004202576196024174
20250415,kanga,follower,123,-0.4286811850217554,0.003692516068553104,0.3863909595451573,0.009577432573224852
20250415,kanga,follower,125,-0.40289694387257713,0.006696668334560278,0.3165404997749962,0.03631248619310514
20250417,kanga,follower,0,-0.5765172714003677,1.1777450317146722e-05,0.2522562713785006,0.07717634053755587
20250417,kanga,follower,2,-0.6298246255357856,9.563918373107196e-07,0.2565709276287843,0.07208455853525952
20250417,kanga,follower,10,-0.5218914619393038,0.00010151531359316053,0.16067523532736055,0.2649917890336472
20250417,kanga,follower,13,-0.28442500825772254,0.04529799988148515,-0.014842150368303261,0.918517809870167
20250417,kanga,follower,15,-0.44143763721155943,0.001331703161352074,0.26119937860447523,0.06692249626702895
20250417,kanga,follower,39,-0.41960394969230336,0.0024185170671914818,0.25442596502137194,0.07458149928017482
20250417,kanga,follower,46,-0.4711606076847587,0.000553357028301716,0.1530999584816506,0.2884754389492335
20250417,kanga,follower,47,-0.5919558053728798,5.959529526357284e-06,0.20549073298789106,0.15225356609174043
20250417,kanga,follower,50,-0.254926567640712,0.0739927165742473,0.11365880645522186,0.4319183261571762
20250417,kanga,follower,52,-0.6021085843928551,3.7340402146537016e-06,0.2905092535717437,0.04069491093041188
20250417,kanga,follower,55,-0.47820110618588085,0.0004441326550969262,0.08631661053199355,0.5511570457698168
20250417,kanga,follower,56,-0.4969312631528914,0.000241682130117978,0.27755903353704076,0.050993898618030976
20250417,kanga,follower,60,-0.6065177521702455,3.0325652467942445e-06,0.22226340133915276,0.12081433477632066
20250417,kanga,follower,62,-0.32629699444896143,0.020744393601919132,0.026693334665087096,0.8540063548862321
20250417,kanga,follower,70,-0.47276688942308426,0.000526500348015883,0.2528442240476141,0.0764662453953184
20250417,kanga,follower,75,-0.45428508893414976,0.0009199219042370058,0.14074834447873116,0.32959350903122253
20250417,kanga,follower,77,0.022433641526351716,0.877107515619415,0.035081963443225256,0.8088832060968181
20250417,kanga,follower,82,-0.25524598715385344,0.0736189587334157,0.015280994691030378,0.9161170816421883
20250417,kanga,follower,87,-0.5567973927738662,2.6778151980550405e-05,0.26454096171444,0.06338223194150623
20250417,kanga,follower,89,-0.32548557939600525,0.021081692764187986,0.19293152161965071,0.17947353970529492
20250417,kanga,follower,91,-0.43205908111030433,0.0017290732096834252,0.2956112854988265,0.03713742679371705
20250417,kanga,follower,93,-0.367831280908154,0.008588508709716813,0.17535851001775052,0.22319559510177023
20250417,kanga,follower,95,-0.29006192998882857,0.04101971319438886,0.12637681876046036,0.3818293658335195
20250417,kanga,follower,98,-0.4060773504831541,0.0034335785462335064,0.23950230810623058,0.0938986013190976
20250417,kanga,follower,103,-0.5519736369069401,3.248132980905659e-05,0.20341584463519796,0.1565269994398921
20250417,kanga,follower,108,-0.4811749567027492,0.00040416435621777835,0.2885067606711538,0.042165513141349184
20250417,kanga,follower,113,-0.5236556476860832,9.523220355326681e-05,0.1565628420551919,0.27757705332872107
20250417,kanga,follower,115,-0.37656657138086236,0.007030664707425538,0.0911668515449972,0.5289200834358393
20250417,kanga,follower,117,-0.5048985078040262,0.00018456306868126494,0.3400607781989672,0.015680531651151453
20250422,kanga,follower,1,-0.6406802953897,3.1259260402457956e-07,0.21042652684216273,0.134304177804254
20250422,kanga,follower,3,-0.5373068931952211,4.006480307084831e-05,0.22003117469051287,0.11702730010380728
20250422,kanga,follower,4,-0.5349305158161739,4.398447123405021e-05,0.12114653618225917,0.39226276934271853
20250422,kanga,follower,11,-0.517304662220718,8.603564256719373e-05,0.056964644095568256,0.6883330443119522
20250422,kanga,follower,13,-0.4606527902687866,0.0005893468117791262,0.054728929291479766,0.6999771860815577
20250422,kanga,follower,17,-0.5669881161301472,1.1740217669294765e-05,0.23283263435718027,0.09669700074781674
20250422,kanga,follower,25,-0.6009185862091713,2.4746130759132367e-06,0.1695719106894793,0.22944019116183836
20250422,kanga,follower,27,-0.5515114480579284,2.259291910327034e-05,0.3148176608127765,0.023018006373077996
20250422,kanga,follower,30,-0.6335319702658364,4.6335152509119607e-07,0.045170775666236875,0.7505037106366081
20250422,kanga,follower,38,-0.5698466182878731,1.0365459149599829e-05,0.25164243413004816,0.07192549487256135
20250422,kanga,follower,50,-0.5100403765950623,0.0001122457014351112,0.15950044989825907,0.2587023750143023
20250422,kanga,follower,53,-0.5864992261310131,4.900026137160931e-06,0.20852154654823318,0.13794712099876266
20250422,kanga,follower,60,-0.5405955081079016,3.516899193106411e-05,0.26078567949754994,0.06186066909045979
20250422,kanga,follower,62,-0.6287385676784103,5.999496226475747e-07,0.16050057145842456,0.25568937197017433
20250422,kanga,follower,64,-0.4889141584758113,0.000235313480424791,0.04320549971169919,0.7610306550313772
20250422,kanga,follower,67,-0.7295067614483368,8.553728551211176e-10,0.1918817078114384,0.17296313591930362
20250422,kanga,follower,72,-0.543758920677366,3.098497476138243e-05,0.25422413773279484,0.06896018976937396
20250422,kanga,follower,73,-0.5995666035800902,2.6420544992200802e-06,0.20141458963616982,0.15219094647938466
20250422,kanga,follower,76,-0.6193709827950815,9.817329671806896e-07,0.27554253300770354,0.04802788706706081
20250422,kanga,follower,82,-0.4855250493884651,0.00026381512075434455,0.1651189433472066,0.2420832220624348
20250422,kanga,follower,91,-0.5025720449493355,0.00014662894295112486,0.1283555125259022,0.3644894983845668
20250422,kanga,follower,92,-0.5591685216656428,1.6409425934980094e-05,0.08515329797826526,0.548363604762205
20250422,kanga,follower,93,-0.23901031808447779,0.08792229846300496,0.049473920624528184,0.7276130874437214
20250422,kanga,follower,99,-0.5625234023345265,1.4228385226636995e-05,-0.007339338747634476,0.9588164718965019
20250422,kanga,follower,100,-0.42841037048095026,0.0015322486851755707,-0.019010523411533507,0.8935872923970812
20250422,kanga,follower,104,-0.5114630876929298,0.00010659965773412982,0.23288229746975742,0.09662384944760392
20250422,kanga,follower,105,-0.5887904017719742,4.405636260032104e-06,0.23572232852214736,0.09251157311130616
20250422,kanga,follower,110,-0.5239260395275611,6.715891750867248e-05,0.2601955579803852,0.06247414184606772
20250422,kanga,follower,111,-0.6884261989256323,1.6969276415509296e-08,0.1348914839113205,0.3403683922460081
20250422,kanga,follower,113,-0.47101397906830206,0.0004247834053984066,0.033980713457645445,0.8109886645887
20250422,kanga,follower,115,-0.4237288708786495,0.001746958220892509,0.1970095562694033,0.16154808301628817
20250422,kanga,follower,117,-0.6484326316067037,2.0162985512302282e-07,0.020873232702409095,0.8832299101942453
20250422,kanga,follower,124,-0.5839530527920325,5.509564172559429e-06,0.07855699237089753,0.5798741512514225
20250422,kanga,follower,126,-0.5657990545795963,1.2360249252469408e-05,0.2824845297984465,0.04245445036317097
20250423,kanga,leader,1,-0.542820501203956,1.2059272938029612e-06,0.411625916877554,0.00039979199769294923
20250423,kanga,leader,7,-0.6059374582647403,2.7260236673050775e-08,0.4274743484183165,0.00022343555869164453
20250423,kanga,leader,20,-0.48175858195851773,2.416597236773317e-05,0.3708398765506634,0.0015760362002330444
20250423,kanga,leader,40,-0.6346085812246758,3.653121644517574e-09,0.33703770182191145,0.00432987249362746
20250423,kanga,leader,43,-0.46212769082497457,5.642112775461048e-05,0.044176196084575445,0.7165100549173584
20250423,kanga,leader,46,-0.5316638805828902,2.179795156873754e-06,0.24206410666696052,0.043495480537861474
20250423,kanga,leader,55,-0.513622342593279,5.435647416209084e-06,0.20807528648710805,0.08389670064826683
20250423,kanga,leader,65,-0.5379059254792316,1.569314123766906e-06,0.2801531760990562,0.018825170815220622
20250423,kanga,leader,67,-0.39709923648695833,0.0006649124221168724,0.24216852170677403,0.04340224097860099
20250423,kanga,leader,80,-0.5641209603945978,3.663752078752212e-07,0.3818422172216803,0.0011073227708687282
20250423,kanga,leader,87,-0.6856259825077182,5.8120438972464466e-11,0.45254390159073926,8.379507347886002e-05
20250423,kanga,leader,88,-0.521911600654714,3.595412857147162e-06,0.41175536975638194,0.0003979422838844115
20250423,kanga,leader,101,-0.5411666731271676,1.318308304041782e-06,0.4658370392327966,4.8258412312285365e-05
20250423,kanga,leader,107,-0.6250154364140439,7.321573024011549e-09,0.39488485076068397,0.0007170885416808143
20250423,kanga,leader,126,-0.5192918449045878,4.10194758653079e-06,0.32323476452683,0.006345621789194643
20250423,kanga,leader,129,-0.5676436485571532,2.9842272654127564e-07,0.3617167513921413,0.0020927021993513793
20250423,kanga,leader,148,-0.6094904848746636,2.1481251398122733e-08,0.3676331779966293,0.001742826526443151
20250423,kanga,leader,165,-0.5503195701922367,8.002784091786014e-07,0.31170555976758185,0.008620437015331404
20250423,kanga,leader,176,-0.5385795543732066,1.5140412839410345e-06,0.36899040938321315,0.0016703873504200944
20250423,kanga,leader,179,-0.5216862916531795,3.6365577579100573e-06,0.3268973133411295,0.00574311851525401
20250423,kanga,leader,184,-0.5507825841139842,7.800158775793199e-07,0.38855705548736424,0.0008873297132312366
20250423,kanga,leader,185,-0.5247258308051613,3.1169129623290575e-06,0.19233320738427384,0.11068254079162725
20250423,kanga,leader,194,-0.58917620571446,8.072199018232214e-08,0.3260865862368317,0.005871956211206586
20250423,kanga,leader,216,-0.58453994747527,1.0782855756888641e-07,0.5027860497031803,9.181718856328178e-06
20250423,kanga,leader,218,-0.5955600291721854,5.377703098318724e-08,0.38159740472816506,0.0011162026637223852
20250423,kanga,leader,220,-0.6274037576563378,6.171577843304949e-09,0.4905584832753087,1.62434861042877e-05
20250423,kanga,leader,222,-0.5481872181718046,9.001579218674336e-07,0.23640192176184244,0.048804960517754396
20250423,kanga,leader,224,-0.6525635707232783,9.3024930136285e-10,0.29687272958893857,0.012573270095222229
20250428_MC,kanga,leader,7,-0.4700094837060217,0.0008578435590505244,-0.19574968669981396,0.18728463113590763
20250428_MC,kanga,leader,9,-0.46091619364765457,0.0011123429728987335,-0.1374613086695822,0.35684411486449735
20250428_MC,kanga,leader,11,-0.01818835375536712,0.903417511868124,0.11505720973447787,0.4412317010649125
20250428_MC,kanga,leader,15,-0.4153870272268972,0.0036899420366560366,0.14139612638802163,0.34311168743010473
20250428_MC,kanga,leader,17,-0.44697325218324147,0.001634365316865077,0.007515067122095459,0.9600155726963485
20250428_MC,kanga,leader,20,-0.4851260069109439,0.0005480631643001255,-0.028944075831200622,0.8468589637782296
20250428_MC,kanga,leader,29,-0.49119904874918274,0.0004551006195116818,-0.06460703499959128,0.6661427322847222
20250428_MC,kanga,leader,34,-0.4874312508449161,0.0005109341750234466,-0.05975075214434242,0.689924939531228
20250428_MC,kanga,leader,36,-0.38052161301621346,0.008326018766957242,-0.28037726223040843,0.05627578381836393
20250428_MC,kanga,leader,38,-0.3712201167747219,0.010200830205225919,-0.19217388992159024,0.1956301451294405
20250428_MC,kanga,leader,40,-0.5576051476453856,4.667113015946896e-05,-0.08289152906179993,0.5796280372940549
20250428_MC,kanga,leader,44,-0.4002665415522828,0.005306852430265286,0.04634560657366674,0.7570628790350684
20250428_MC,kanga,leader,45,-0.4657566000100349,0.0009695363552616402,0.09931112831225924,0.5065916514159378
20250428_MC,kanga,leader,48,-0.4832931746273552,0.0005792965180757447,0.16212062435478464,0.2762700892396275
20250428_MC,kanga,leader,57,-0.39900833831116045,0.005465751478765612,-0.1154475976033266,0.4396729740735728
20250428_MC,kanga,leader,64,-0.6607638134749064,4.3139322369197736e-07,-0.07252328417038327,0.6280700276969639
20250428_MC,kanga,leader,69,-0.36078010242469416,0.012727019402185118,-0.13830765617580304,0.3538625066951307
20250428_MC,kanga,leader,71,-0.5868051509658532,1.4572863882346904e-05,0.024669982303058134,0.8692591490646008
20250428_MC,kanga,leader,73,-0.5776752820244146,2.1223148728103384e-05,-0.06484883947016329,0.664966765096299
20250429_MC,kanga,follower,5,-0.2949140962322111,0.1136283548435515,-0.39226172284352157,0.032034325938914615
20250429_MC,kanga,follower,8,-0.5758298982999993,0.0008695207731541845,0.1778968112256117,0.3469562721767164
20250429_MC,kanga,follower,11,-0.5696789174847374,0.0010161670333635193,0.1287582466733121,0.49770672433752816
20250429_MC,kanga,follower,12,-0.5747282584527527,0.0008943341723695633,0.36540264423511204,0.047075892751684674
20250429_MC,kanga,follower,18,-0.5561485432786849,0.0014168089146165605,-0.25015436338527397,0.18245150643739957
20250429_MC,kanga,follower,26,-0.7848625576931616,2.828503069113525e-07,0.25586423410533177,0.17234077856805874
20250429_MC,kanga,follower,28,-0.3222571354802721,0.08243166594088995,-0.03223703235913192,0.8657097523255319
20250429_MC,kanga,follower,36,-0.5151485848547376,0.0035782370173613677,0.40212226052927613,0.027604476330307045
20250429_MC,kanga,follower,41,-0.5775148210034983,0.0008327350565400754,0.01482015038397401,0.9380442430154152
20250429_MC,kanga,follower,43,-0.38736988086352003,0.03443644831020511,0.09779236762645091,0.6071777622580447
20250429_MC,kanga,follower,46,-0.6048843897190349,0.0003988381681623962,0.032363030020137365,0.8651896228995904
20250429_MC,kanga,follower,47,-0.4477186360036741,0.013103466759867516,0.6006501116731826,0.0004488982332371435
20250429_MC,kanga,follower,51,-0.6068542607016338,0.00037727696312682375,0.48935246622053796,0.006061084529350449
20250429_MC,kanga,follower,59,-0.4151573375630998,0.022527583026331913,-0.02669291835668401,0.8886478025767707
20250429_MC,kanga,follower,62,-0.4306611886735408,0.017514087340687955,-0.044581847748153616,0.815043094339528
20250429_MC,kanga,follower,67,-0.5476079731805581,0.0017351523533592971,0.45839980185282986,0.010846532194287167
20250429_MC,kanga,follower,72,-0.5499616360500128,0.0016417637852539431,0.515979170057305,0.003515637670237631
20250429_MC,kanga,follower,74,-0.676867932689521,4.004135781370413e-05,-0.09519419476149893,0.6168048189305224
20250429_MC,kanga,follower,80,-0.6663294577665388,5.824586616456882e-05,0.40305342492321317,0.027213343699860094
20250429_MC,kanga,follower,83,-0.6393787068977362,0.00014255210705925998,0.5050279349371143,0.0044213726304557196
20250429_MC,kanga,follower,86,-0.5782741344202601,0.0008166080147661793,0.5374216885759111,0.002194523567436088
20250429_MC,kanga,follower,91,-0.4367301732246368,0.01582191466139861,-0.14402173912435084,0.4476777987667066
20250429_MC,kanga,follower,96,-0.6420761533696402,0.00013083898002433432,0.2835325949326606,0.12892929493038938
20250429_MC,kanga,follower,98,-0.2527422385058318,0.17781875556823065,0.015427612258545158,0.9355098754836061
20250430_MC,kanga,follower,3,-0.4567182909346622,0.000665590906697945,0.17540899522723988,0.2135679550365774
20250430_MC,kanga,follower,10,-0.5767064994919396,7.650789626219157e-06,-0.007054260544809902,0.9604148437094403
20250430_MC,kanga,follower,12,-0.566953407932957,1.1757900856958269e-05,0.0003578938747054172,0.9979908722299533
20250430_MC,kanga,follower,14,-0.4270905141695951,0.0015902588463442004,0.067915710104431,0.6323691708603417
20250430_MC,kanga,follower,16,-0.627620147385068,6.368277263342023e-07,0.06513441323416902,0.6464058761179396
20250430_MC,kanga,follower,23,-0.6052356625471143,2.0037010652427155e-06,0.20336794279489778,0.1481721596399646
20250430_MC,kanga,follower,30,-0.5020634719667145,0.00014928811276959447,0.046944726336510756,0.7410400601161907
20250430_MC,kanga,follower,34,-0.5932398672648465,3.575126770333754e-06,-0.0002472082663049612,0.9986122331393649
20250430_MC,kanga,follower,43,-0.6045452511707492,2.0729301019488212e-06,0.33111342247129605,0.016497637953559453
20250430_MC,kanga,follower,47,-0.6830965510041568,2.4133042626788534e-08,0.25593311720227135,0.06705143819717847
20250430_MC,kanga,follower,53,-0.6200271961981975,9.489388067463171e-07,0.20212095225924373,0.15072850884495234
20250430_MC,kanga,follower,56,-0.4969424569169446,0.00017862510351592957,0.21988400255431179,0.11727859874073959
20250430_MC,kanga,follower,74,-0.5445997026279413,2.995279480736709e-05,0.3306369719183407,0.016663115715235516
20250430_MC,kanga,follower,79,-0.7100564726452212,3.75160242182861e-09,0.2773194602265346,0.046547460696577815
20250430_MC,kanga,follower,82,-0.5708324989675493,9.926969664329987e-06,0.0157046363584043,0.9120116175991344
20250430_MC,kanga,follower,84,-0.6007430589929941,2.495779998845294e-06,0.17471993027160743,0.215400585976565
20250430_MC,kanga,follower,87,-0.6508183376906659,1.7573710620371176e-07,0.1812085173562919,0.1985749845917075
20250430_MC,kanga,follower,98,-0.628613057645058,6.039864679077591e-07,0.05204640381449763,0.714039003478944
20250430_MC,kanga,follower,108,-0.5678887998988793,1.1289847718103284e-05,0.0858042113757758,0.5452992450475366
20250430_MC,kanga,follower,119,-0.6231354007015584,8.07027418138648e-07,0.1896839665622389,0.17803044211912744
20250430_MC,kanga,follower,121,-0.5040901446252282,0.00013894627852821263,0.040733231248294866,0.7743342437624348
20250430_MC,kanga,follower,123,-0.5765514062693711,7.704081734210465e-06,0.007843459104035416,0.9559903749318751
20250430_MC,kanga,follower,125,-0.6248335038677698,7.381244270503005e-07,0.33360298179026615,0.015655558329177532
